"firstname","initcap","state","zip","phone","credit_card_no","cc_exp"
"Logan","Gibson","MA","49907","4494314426","3320011430419981","2009-06-30"
"Jacob","Rivera","MA","22163","2334842836","5866108785849065","2008-11-30"
"Julian","Harrison","MA","22043","5557761262","4845196554437279","2010-07-31"
"Jeffrey","Hoffman","MA","38917","8685007228","8989993001800030","2009-08-31"
"Ignacio","Perry","MA","84031","7158220813","9411271059419960","2012-11-30"
"Jacob","Taylor","MA","15951","3389680577","4585146294441074","2010-02-28"
"Justin","Patrick","MA","29278","1007307095","3067185616586357","2011-05-31"
"Max","Murphy","MA","20581","9467215409","1244071603287011","2012-10-31"
"Jason","Little","MA","65021","5676858274","5558728802017868","2011-11-30"
"Hayden","Martin","MA","89311","6548384790","5855406734161079","2011-11-30"
"Alberto","Mcgee","MA","97319","5571407792","5612295516766608","2012-11-30"
"Moises","Wilson","MA","63966","3471242475","7774236084427685","2010-03-31"
"Mackenzi","Walker","MA","46493","2809280390","8512374586425722","2010-04-30"
"Tyler","Taylor","MA","88543","5771155518","6160348346922547","2011-08-31"
"Hunter","Garcia","MA","48895","5294132000","7237978876102716","2009-02-28"
"Ryan","Johnson","MA","47291","7447647657","2543088119011372","2012-12-31"
"Juan","Hughes","MA","59823","9859183988","2413615417201072","2009-09-30"
"Ryan","Rowe","MA","99661","2958212418","5627293863799423","2011-06-30"
"Justin","Bailey","MA","22289","2266050104","6187612272333354","2009-01-31"
"Rudy","Roberts","MA","82153","8785942090","7151370242238045","2008-07-31"
"Brian","Maxwell","MA","16209","5986693615","7491236735135317","2011-02-28"
"Philip","Hunter","MA","68599","1655748785","6595146569423378","2011-03-31"
"Brian","Howard","MA","29987","8219258409","5452323357574641","2011-07-31"
"Josuah","Norton","MA","38190","5191980828","1785038925707340","2008-04-30"
"Brandon","Mayo","MA","64557","6215355617","3968861876521259","2010-06-30"
"Addison","Ross","MA","51643","7233223734","2896430361084640","2009-08-31"
"Austin","Johnson","MA","10639","3226303718","1505812195595353","2008-11-30"
"Gary","Camacho","MA","98596","8144548834","9294068977702408","2011-06-30"
"Jordan","Chen","MA","83088","3238602053","5167937641497701","2011-09-30"
"Lewis","Green","MA","71614","1614843841","9810726165771484","2011-04-30"
"Christop","Ross","MA","59707","6724882559","7048256987240165","2010-08-31"
"Kyle","Cochran","MA","38752","4610818039","6424955633934587","2010-03-31"
"Matthew","Wilson","MA","76928","6000275097","5500848160590976","2011-12-31"
"Christop","Payne","MA","96490","3111693291","4901993231382221","2009-05-31"
"Caleb","Bolton","MA","44734","2260525315","6370700974483043","2010-11-30"
"Josuah","Brock","MA","84562","3106675000","2030493228696286","2010-04-30"
"Rhett","Mills","MA","23159","8878117682","8416533101815730","2011-07-31"
"Spencer","Miller","MA","22261","2186234316","1258837947621941","2009-05-31"
"Marvin","Black","MA","17534","6110452800","8075113886501640","2009-05-31"
"Cody","Gomez","MA","25766","3695952482","1042862441856414","2008-11-30"
"Paul","Cantu","MA","73253","7431240694","9037252082955092","2009-02-28"
"Keegan","Jones","MA","33577","8474967296","5022667001001537","2011-09-30"
"Brandon","Lee","MA","36045","5291248056","7012768503744155","2011-07-31"
"Ryan","Ingram","MA","13783","6678489437","8857567125000060","2010-10-31"
"Kyle","Collins","MA","89448","5274691303","2976667654700577","2008-12-31"
"Timothy","Ruiz","MA","71631","8944934593","2265114994719624","2008-02-29"
"Colin","Clark","MA","59083","1811280103","5905953394714743","2012-06-30"
"Nathan","Johnson","MA","78010","9357887170","7581421512179077","2012-07-31"
"John","Riley","MA","90374","7854268059","2543492151889950","2009-07-31"
"Ethan","Howe","MA","98507","6509614410","6397612088825554","2008-06-30"
"Michael","Burton","MA","44927","4003231028","3468723102007061","2011-12-31"
"Jacob","Stewart","MA","73033","5024131332","8556059523485601","2011-05-31"
"Rico","Martinez","MA","53257","5940317307","5401674219872802","2008-02-29"
"Calvin","Frey","MA","14832","8854479927","6192186050582677","2009-05-31"
"Daniel","Francis","MA","35138","9526352372","8026335325557739","2009-09-30"
"Tyler","Hodge","MA","52496","8994221923","1964832810685038","2008-02-29"
"Michael","Alvarado","MA","31793","5899010681","6162842470221221","2010-09-30"
"Benjamin","Smith","MA","68694","3021308359","3720901707187295","2008-05-31"
"Cody","Gallagher","MA","72177","6786957014","9880541032180190","2011-05-31"
"Matthew","Weber","MA","35127","9168292917","4053857727441936","2011-04-30"
"Robert","Jones","MA","36181","2660490021","6804663940332830","2009-10-31"
"Clint","Gomez","MA","45462","6988094163","6358726943843067","2010-12-31"
"Cody","Mccullough","MA","96967","5240353236","3325389309786260","2009-01-31"
"Alexande","Jackson","MA","50430","7650008647","6586768626701087","2009-01-31"
"Austin","Green","MA","43831","9925643814","6638058158569038","2010-02-28"
"Seth","Fitzpatrick","MA","29895","3594730041","4098928964231163","2012-01-31"
"Oscar","Lin","MA","51079","3779589978","1320677814539521","2010-10-31"
"Tyler","Tucker","MA","72281","2407748114","3148750427644699","2010-09-30"
"Zane","Morales","MA","30418","3239059110","5632295479532331","2008-09-30"
"Stephen","Johnson","MA","50733","4394843095","5484245425090193","2010-07-31"
"Samuel","Howard","MA","52830","5942588535","1791033838875591","2008-04-30"
"Travis","Brown","MA","99623","1060758425","4644148363266140","2008-07-31"
"Hunter","Bridges","MA","60176","4333047480","1241242233198136","2009-06-30"
"Anthony","Whitehead","MA","96815","5022120425","6399143500253558","2010-06-30"
"Connor","Baker","MA","41828","3467334254","1650985480286181","2011-11-30"
"Rafael","Hernandez","MA","50582","2531853984","6649336780421436","2012-07-31"
"Andrew","Fox","MA","84934","5977240777","9392167637590320","2009-01-31"
"Devin","Delgado","MA","56617","3127797916","7795794507022947","2010-03-31"
"Timothy","Miller","MA","81556","1877126025","6001119587104768","2011-12-31"
"Dylan","Gates","MA","25182","3333203464","4286035330500453","2012-10-31"
"Bryson","Mayo","MA","56855","6178505933","7695435754954815","2008-12-31"
"Jordan","Sims","MA","72991","3722553017","7742481206543744","2012-04-30"
"Frank","Foster","MA","32919","6260612609","7718618355691433","2011-06-30"
"Anton","Jones","MA","57269","9118459766","9184406799264252","2011-10-31"
"Barry","Jimenez","MA","68376","8130963731","7070138720795512","2010-12-31"
"Brandon","Carpenter","MA","35603","8847361147","6211052398663014","2009-05-31"
"Dominic","Watson","MA","93019","5100219151","5080203389283269","2008-07-31"
"Harrison","Richardson","MA","86413","2410502122","9192688303999604","2011-09-30"
"Jaylen","Craig","MA","78725","9447206055","8357378193177283","2008-02-29"
"Stephen","Johnson","MA","24084","9584240700","1425078772939741","2009-07-31"
"Richard","Gutierrez","MA","23199","8060794322","4643721343018114","2009-04-30"
"Bryce","Sullivan","MA","76491","8662439210","6777793759014457","2008-11-30"
"Cesar","Jones","MA","22794","4744312227","2020578124560415","2010-10-31"
"Lazaro","Weiss","MA","92139","9400385192","7712093811016530","2012-12-31"
"Jacob","Rodriguez","MA","42524","5471142825","6241463975980878","2010-08-31"
"Matthew","Morris","MA","12774","1866677568","2546985213644802","2009-01-31"
"Jace","Richard","MA","98797","8590783489","2284078686032444","2008-12-31"
"Logan","White","MA","11916","6165408799","7571868384722620","2008-05-31"
"Justin","Jackson","MA","40623","5686191946","9749176719225944","2010-10-31"
"Lewis","Alvarado","MA","93070","6299990908","4413563803769648","2010-11-30"
"Ryan","Riley","MA","73240","7333546352","8400264485739172","2009-10-31"
"Austin","Little","MA","45404","7762793311","9331309660337864","2011-06-30"
"Christop","Swanson","MA","39941","9745472814","5712129192892462","2010-06-30"
"Conor","Velazquez","MA","58510","2792191328","3185669002123177","2009-05-31"
"Jaden","Munoz","MA","37998","9446631400","5357024031225592","2012-09-30"
"Julius","Weaver","MA","54682","4207275644","5425146867986768","2012-06-30"
"Victor","Holland","MA","87385","6242911119","3148786595556885","2009-12-31"
"Felix","Rodriguez","MA","24865","6958767497","8652542349416763","2011-12-31"
"Joseph","Long","MA","18623","4270374083","6003130497876555","2008-07-31"
"Anton","Collins","MA","81512","4393613558","6775482641998678","2010-07-31"
"Nicholas","Lucas","MA","13610","8196880698","9608290748670696","2012-10-31"
"Dillon","Brown","MA","22740","2574419098","3107838856987655","2008-08-31"
"Martin","Williams","MA","60992","3432618418","6397848186083138","2008-04-30"
"Brad","Brown","MA","74552","9599088605","5522879972122610","2010-07-31"
"Lee","Weber","MA","70177","2876771302","6719140859320760","2008-03-31"
"Alexis","Hardy","MA","13544","9058334229","8614907382056117","2008-02-29"
"Samantha","Rowland","MA","32932","6858383670","9848261049017310","2009-10-31"
"Clara","White","MA","92673","2990270628","7266932878177613","2012-02-29"
"Tabitha","Schwartz","MA","23961","9172026401","9845722128637136","2010-04-30"
"Danielle","Walker","MA","10190","6219499114","6078298202715814","2008-09-30"
"Hannah","Dawson","MA","40964","5029213430","5475569212343544","2010-06-30"
"Caitlin","Barrera","MA","67848","8390940108","6813458006829023","2011-06-30"
"Taylor","Hoover","MA","44627","4957274347","1480684578418731","2011-02-28"
"Bethany","Michael","MA","24145","2855066171","1323684784583747","2008-02-29"
"Karla","Henderson","MA","58831","2254876395","8987701037432998","2010-05-31"
"Kelsy","Leon","MA","60206","5347737540","5379249955061823","2011-04-30"
"Amber","Lane","MA","33895","7996496517","3906009475700557","2009-09-30"
"Danielle","Dickerson","MA","27976","1945134265","9273367244284600","2008-08-31"
"Alanna","Keller","MA","35951","5078585346","7278418637812138","2010-07-31"
"Casandra","Wilkinson","MA","54522","2100832534","2907827985007315","2008-06-30"
"Jennifer","Garrett","MA","14703","5833628035","2439522408880293","2010-05-31"
"Constanc","Hunt","MA","31411","4254903626","4552046644967049","2010-05-31"
"Elizabet","Davis","MA","47002","8124275621","7392154006287456","2010-12-31"
"Lauren","Hawkins","MA","59942","7141774195","6442033761646599","2012-08-31"
"Jesse","Campbell","MA","73957","2503330459","3623331480193883","2012-06-30"
"Samantha","Roy","MA","64635","8569293664","8076622557826340","2011-09-30"
"Julia","Owens","MA","95406","5114868166","2076594613958150","2009-07-31"
"Hannah","Sanders","MA","78990","2539213039","5969421722926199","2011-03-31"
"Clara","Wiggins","MA","28251","2605086336","1139918589964509","2008-12-31"
"Destiny","Oneill","MA","24292","7803900025","8829896585084498","2009-09-30"
"Alexandr","Morris","MA","82435","8065854817","9418429996818304","2011-07-31"
"Kelly","Brady","MA","24315","4765036114","5572931169997901","2012-03-31"
"Mary","Valentine","MA","22653","2056342582","5003966233227402","2011-10-31"
"Morgan","West","MA","69325","4603993565","3714243852533400","2009-10-31"
"Amy","Gates","MA","24894","8976210399","6105375722981989","2010-09-30"
"Crystal","Madden","MA","23159","5076064527","2215038533788174","2008-10-31"
"Brandi","Nixon","MA","81277","7452955770","5897997501771897","2011-05-31"
"Sandra","Harris","MA","49174","4606088202","8937220870517194","2010-04-30"
"Stephani","Jarvis","MA","99394","1075532854","3058346266858279","2011-11-30"
"Alexandr","Contreras","MA","64288","7285738562","5708899461198598","2011-02-28"
"Chloe","Ward","MA","20924","9709307283","9126253444235772","2008-03-31"
"Theresa","Wallace","MA","72672","3174286272","8932585543952882","2011-03-31"
"Christin","Watts","MA","71216","8195925316","5467183344531804","2011-05-31"
"Alayna","Kramer","MA","85700","1461371952","4576791804283857","2008-02-29"
"Kiana","Brooks","MA","73285","2035015906","3285306562669575","2010-03-31"
"Haley","Macdonald","MA","46020","5108545709","2477956347633153","2012-04-30"
"Priscill","Reed","MA","41186","6521123966","8134871324058622","2011-10-31"
"Cheyenne","Miller","MA","86882","2737509321","6150094827637076","2012-10-31"
"Savannah","Sanders","MA","16315","4402186719","8716478769201785","2010-12-31"
"Jesse","Melton","MA","41612","4932395969","9043202408589424","2010-09-30"
"Skye","Rose","MA","52229","6429246141","5791722685098648","2011-01-31"
"Chelsea","Guerra","MA","74314","9784950715","6017099932767451","2008-05-31"
"Ashley","Smith","MA","72358","8003313431","2385605062358081","2008-07-31"
"Naomi","Campbell","MA","12731","9364170195","3965543426573276","2010-12-31"
"Madeline","Beck","MA","39314","9718992748","8186111348215491","2009-08-31"
"Christin","Navarro","MA","97410","6196471767","6132943731267005","2012-07-31"
"Rachel","Francis","MA","55423","3332911615","4157334488816559","2010-02-28"
"Jasmin","Johnson","MA","36369","9415469152","8198299050331116","2012-08-31"
"Kendall","Robinson","MA","94079","9718374172","1852088866289705","2010-11-30"
"Alanna","Hill","MA","69320","6962034327","3334642729721963","2008-07-31"
"Dominiqu","Burke","MA","24962","2095924007","9147520692087710","2010-09-30"
"Nicole","Crawford","MA","79496","6258115494","9032544349320232","2010-01-31"
"Samantha","Martinez","MA","95974","6325499973","1462199372239410","2008-09-30"
"Nicole","Henry","MA","60617","2145539933","8545535239391029","2010-03-31"
"Rachel","Martinez","MA","49856","7574691652","2723223994020372","2012-11-30"
"Megan","Mccall","MA","16202","2348357246","7999806622974575","2012-03-31"
"Karen","Ferguson","MA","19626","1915986238","4350930853746831","2008-05-31"
"Julia","Sweeney","MA","70830","6000289015","3049605940934270","2010-06-30"
"Britney","White","MA","10031","4748346835","3282153793610632","2012-07-31"
"Catalina","Rodriguez","MA","24172","4926080738","7212926331441849","2010-01-31"
"Alexis","Holloway","MA","78310","8699434659","1914346298668533","2012-08-31"
"Felicia","Chan","MA","68172","3790425256","8348496900405735","2011-06-30"
"Ann","Phillips","MA","56232","4511763570","3579322570003569","2008-05-31"
"Elizabet","Walker","MA","71488","9144102753","5786865196190774","2009-03-31"
"Cynthia","Eaton","MA","25858","5750105110","4250411990564316","2011-07-31"
"Brooke","Fisher","MA","42346","3049887945","1262137651443481","2010-09-30"
"Catherin","Sanchez","MA","61630","2369267291","6247997506055981","2009-01-31"
"Haley","Parker","MA","88376","4512043274","1332789811305701","2008-03-31"
"Mary","Matthews","MA","69405","7163391903","6393909295089543","2011-08-31"
"Gabriell","Proctor","MA","28512","9813691649","2860255219507962","2012-01-31"
"Mikayla","Jones","MA","28137","7332055873","6112195700407028","2010-06-30"
"Dana","Farmer","MA","62867","7866163392","7501330369617790","2009-12-31"
"Chaya","Jones","MA","90334","9095275631","2295772639568895","2009-12-31"
"Kylie","Smith","MA","60429","1462431416","3393538914155215","2011-09-30"
"Jesse","Frazier","MA","68601","4232355967","6683503270149231","2008-11-30"
"Kirsten","Lewis","MA","48007","4513574790","3321245891973376","2011-02-28"
"Abigail","Love","MA","22170","7614435963","7827608292922378","2012-12-31"
"Brenda","Holden","MA","59742","5882541460","7851586340460926","2008-06-30"
"Christin","Fowler","MA","57747","1614029794","9074829973746092","2009-04-30"
"Ryan","Parker","MA","86804","8086749393","6087986697908491","2012-01-31"
"Paige","Vance","MA","79216","3685525407","3053937767166644","2011-05-31"
"Shannon","Robertson","MA","19864","2839517049","6218105497770011","2008-06-30"
"Jesse","Parsons","MA","79277","5229316763","8574119599536061","2008-11-30"
"Angel","Downs","MA","21844","3280857067","8507371562533081","2012-01-31"
"Macy","Long","MA","45883","4546617183","6582740807905793","2011-08-31"
"Audrey","Fletcher","MA","34940","3574884607","8682443649042398","2009-10-31"
"Christin","Pennington","MA","13305","8887739688","1979367139749229","2010-08-31"
"Madeline","Poole","MA","90899","4348199409","7227997965645045","2012-10-31"
"Kaila","Robbins","MA","59136","1642782920","3306110207457095","2010-07-31"
"Lizbeth","Williamson","MA","16256","7056495182","6913170065730810","2009-05-31"
"Christin","Morris","MA","34269","1743839470","7294053996913135","2008-04-30"
"Kelly","Burton","MA","55298","1944498368","6813794460613281","2010-01-31"
"Danielle","Griffin","MA","30364","2507323791","5943984872195870","2008-09-30"
"Savannah","Pruitt","MA","32831","8489104575","2454860264901071","2012-05-31"
"Lori","Hampton","MA","63290","5938329736","8955966691020876","2012-12-31"
"Megan","Daniels","MA","96470","3199521802","4974797629285604","2009-06-30"
"Ashley","Rodriguez","MA","16114","9292036558","5764087898191065","2008-11-30"
"Brianna","Johnson","MA","79486","4204600329","5557614050805569","2010-06-30"
"Mary","Stephens","MA","11296","9882570198","5570582820568234","2009-08-31"
"Gabriell","Alexander","MA","70687","4726132889","1828046906739473","2009-01-31"
"Sarah","Nielsen","MA","36384","3164778885","7468712822068483","2008-03-31"
"Casandra","Hernandez","MA","44924","4228949218","5169523430522531","2010-11-30"
"Michelle","Wyatt","MA","38247","4775222427","5378661981318146","2010-10-31"
"Britney","Ward","MA","59291","3833622433","1180830621626228","2012-03-31"
